<?xml version="1.0"?>
<doc>
    <assembly>
        <name>Json.NetMF</name>
    </assembly>
    <members>
        <member name="M:Json.NETMF.DateTimeExtensions.FromIso8601(System.String)">
            <summary>
            Converts an ISO 8601 time/date format string, which is used by JSON and others,
            into a DateTime object.
            </summary>
            <param name="date"></param>
            <returns></returns>
        </member>
        <member name="M:Json.NETMF.DateTimeExtensions.ToIso8601(System.DateTime)">
            <summary>
            Converts a DateTime object into an ISO 8601 string.  This version
            always returns the string in UTC format.
            </summary>
            <param name="dt"></param>
            <returns></returns>
        </member>
        <member name="M:Json.NETMF.DateTimeExtensions.TwoDigits(System.Int32)">
            <summary>
            Ensures a two-digit number with leading zero if necessary.
            </summary>
            <param name="value"></param>
            <returns></returns>
        </member>
        <member name="M:Json.NETMF.DateTimeExtensions.ThreeDigits(System.Int32)">
            <summary>
            Ensures a three-digit number with leading zeros if necessary.
            </summary>
            <param name="value"></param>
            <returns></returns>
        </member>
        <member name="M:Json.NETMF.DateTimeExtensions.ToASPNetAjax(System.DateTime)">
            <summary>
            The ASP.NET Ajax team made up their own time date format for JSON strings, and it's
            explained in this article: http://msdn.microsoft.com/en-us/library/bb299886.aspx
            Converts a DateTime to the ASP.NET Ajax JSON format.
            </summary>
            <param name="dt"></param>
            <returns></returns>
        </member>
        <member name="M:Json.NETMF.DateTimeExtensions.FromASPNetAjax(System.String)">
            <summary>
            Converts an ASP.NET Ajaz JSON string to DateTime
            </summary>
            <param name="ajax"></param>
            <returns></returns>
        </member>
        <member name="T:Json.NETMF.JsonArray">
            <summary>
            A Json Array.
            Programmed by Huysentruit Wouter (https://www.ghielectronics.com/community/codeshare/entry/282)
            See the Json.ToJson method for more information.
            </summary>
        </member>
        <member name="M:Json.NETMF.JsonArray.ToString">
            <summary>
            Convert the array to its JSON representation.
            </summary>
            <returns>A string containing the JSON representation of the array.</returns>
        </member>
        <member name="T:Json.NETMF.JsonObject">
            <summary>
            A Json Object.
            Programmed by Huysentruit Wouter (https://www.ghielectronics.com/community/codeshare/entry/282)
            See the Json.ToJson method for more information.
            </summary>
        </member>
        <member name="M:Json.NETMF.JsonObject.ToString">
            <summary>
            Convert the object to its JSON representation.
            </summary>
            <returns>A string containing the JSON representation of the object.</returns>
        </member>
        <member name="T:Json.NETMF.JsonParser">
            <summary>
            Parses JSON strings into a Hashtable.  The Hashtable contains one or more key/value pairs
            (DictionaryEntry objects).  Each key is the name of a property that (hopefully) exists
            in the class object that it represents.  Each value is one of the following:
              Hastable - Another list of one or more DictionaryEntry objects, essentially representing
                         a property that is another class.
              ArrayList - An array of one or more objects, which themselves can be one of the items
                          enumerated in this list.
              Value Type - an actual value, such as a string, int, bool, Guid, DateTime, etc
            </summary>
        </member>
        <member name="M:Json.NETMF.JsonParser.JsonDecode(System.String)">
            <summary>
            Parses the string json into a value
            </summary>
            <param name="json">A JSON string.</param>
            <returns>An ArrayList, a Hashtable, a double, a string, null, true, or false</returns>
        </member>
        <member name="M:Json.NETMF.JsonParser.JsonDecode(System.String,System.Boolean@)">
            <summary>
            Parses the string json into a value; and fills 'success' with the successfullness of the parse.
            </summary>
            <param name="json">A JSON string.</param>
            <param name="success">Successful parse?</param>
            <returns>An ArrayList, a Hashtable, a double, a string, null, true, or false</returns>
        </member>
        <member name="M:Json.NETMF.JsonParser.ParseNumber(System.Char[],System.Int32@,System.Boolean@)">
            <summary>
            Determines the type of number (int, double, etc) and returns an object
            containing that value.
            </summary>
            <param name="json"></param>
            <param name="index"></param>
            <param name="success"></param>
            <returns></returns>
        </member>
        <member name="M:Json.NETMF.JsonParser.IsNumeric(System.Object)">
            <summary>
            Determines if a given object is numeric in any way
            (can be integer, double, null, etc). 
            
            Thanks to mtighe for pointing out Double.TryParse to me.
            </summary>
        </member>
        <member name="T:Json.NETMF.JsonSerializer">
            <summary>
            .NET Micro Framework JSON Serializer and Deserializer.
            </summary>
        </member>
        <member name="M:Json.NETMF.JsonSerializer.Serialize(System.Object)">
            <summary>
            Serializes an object into a Json string.
            </summary>
            <param name="o"></param>
            <returns></returns>
        </member>
        <member name="M:Json.NETMF.JsonSerializer.Deserialize(System.String)">
            <summary>
            Desrializes a Json string into an object.
            </summary>
            <param name="json"></param>
            <returns>An ArrayList, a Hashtable, a double, a string, null, true, or false</returns>
        </member>
        <member name="M:Json.NETMF.JsonSerializer.DeserializeString(System.String)">
            <summary>
            Deserializes a Json string into an object.
            </summary>
            <param name="json"></param>
            <returns>An ArrayList, a Hashtable, a double, a string, null, true, or false</returns>
        </member>
        <member name="M:Json.NETMF.JsonSerializer.SerializeObject(System.Object,Json.NETMF.JsonSerializer.DateTimeFormat)">
            <summary>
            Convert a value to JSON.
            </summary>
            <param name="o">The value to convert. Supported types are: Boolean, String, Byte, (U)Int16, (U)Int32, Float, Double, Decimal, JsonObject, JsonArray, Array, Object and null.</param>
            <returns>The JSON object as a string or null when the value type is not supported.</returns>
            <remarks>For objects, only public fields are converted.</remarks>
        </member>
        <member name="M:Json.NETMF.JsonSerializer.GetSerializeState(System.Object)">
            <summary>
            Determines if the specified object needs to be serialized.  It needs to be serialized if it's a 
            class that contains properties that need enumeration.  All other objects that can be directly
            returned, such as ints, strings, etc, do not need to be serialized.
            </summary>
            <param name="o"></param>
            <returns></returns>
        </member>
        <member name="P:Json.NETMF.JsonSerializer.DateFormat">
            <summary>
            Gets/Sets the format that will be used to display
            and parse dates in the Json data.
            </summary>
        </member>
        <member name="T:Json.NETMF.JsonSerializer.DateTimeFormat">
            <summary>
            Enumeration of the popular formats of time and date
            within Json.  It's not a standard, so you have to
            know which on you're using.
            </summary>
        </member>
        <member name="M:Json.NETMF.DoubleExtensions.ToString(System.Double)">
            <summary>
            Converts a Double to a string using a variant of the Double.ToString() method.
            The problem with the built-in ToString() method is that it wont automatically
            size the precision to fit the number.  So a number like 33.3 gets truncated to
            just 33 unless you specify exactly the right amount of precision.  This method
            attempts to determine the right amount of precision.
            CAUTION!!! I've seen many times when the built-in ToString() method returns
            a rounding error when you specify any meaningful precision.
            </summary>
            <param name="value"></param>
            <returns></returns>
        </member>
        <member name="M:Json.NETMF.CharExtensions.ConvertFromUtf32(System.Int32)">
            <summary>
            Converts a Unicode character to a string of its ASCII equivalent.
            Very simple, it works only on ordinary characters.
            </summary>
            <param name="p"></param>
            <returns></returns>
        </member>
    </members>
</doc>
